{"sections":{"retailer-top-section":{"type":"retailer-top-section","settings":{"image":"shopify:\/\/shop_images\/Untitled_design_-_2021-08-23T171740.534.jpg","title":"Partner with us","sub_content":"Contact us directly: retailer@keababies.com"}},"1626497904e30b3245":{"type":"ratiler-tab","settings":{"title1":"RETAILER","title1_url":"shopify:\/\/pages\/retailer-ambassaador","title2":"AMBASSADOR","title2_url":"shopify:\/\/pages\/ambassador-1","title3":"REFER A FRIEND","title3_url":"shopify:\/\/pages\/refer-friend"}},"1626503868388be159":{"type":"retailer_authorise","settings":{"title":"Hop on board as our Authorized Retailer","content":"We are inviting you to offer internationally-certified, affordable baby-safe products at your store. Join KeaBabies family as our Authorized Retailer, and enjoy plenty of benefits!","left_icon":"shopify:\/\/shop_images\/lemp.png"}},"1626513359bf06f4d9":{"type":"retailer_form","disabled":true,"settings":{"title":"Please fill up this form:"}},"1626510852286453a6":{"type":"ratailer_how_work","settings":{"img1":"shopify:\/\/shop_images\/1_084238c4-c9d1-4ef3-a044-c23b095af780.jpg","img2":"shopify:\/\/shop_images\/Untitled_design_-_2021-08-23T165837.126.jpg","img3":"shopify:\/\/shop_images\/Untitled_design_-_2021-08-23T165453.160.jpg","img4":"shopify:\/\/shop_images\/2_b87974c9-58a7-42bc-97b6-c55f8fe35e88.jpg","work_content":"<h2>How do I start?<\/h2>\n<ul>\n<li>Fill in the form below to sign up.<\/li>\n<li>You’ll receive a free $100 credit (yes!)<\/li>\n<li>You'll be directed to create an account on Faire.com (our wholesaler platform).<\/li>\n<li>Be ready to receive our product catalog in your inbox.<\/li>\n<\/ul>","form_btn":"","btn_url":"","form_content":"<script src=\"https:\/\/keababies.myfreshworks.com\/crm\/sales\/web_forms\/b1bab73b172f96f3c2c40accc18cadc58fc5bf59e5f0ad232db573aa1e5c5a1b\/form.js\" crossorigin=\"anonymous\" id=\"fs_b1bab73b172f96f3c2c40accc18cadc58fc5bf59e5f0ad232db573aa1e5c5a1b\"><\/script>"}},"16265165539890d155":{"type":"retailer_faq","blocks":{"f71cf3f4-d85b-41c0-a630-5a3b44533718":{"type":"faq_tabs","settings":{"qusetion":"What are the next steps after signing up as a retailer?","answer":"After you have filled up the form above, a representative from KeaBabies will be in touch with you to provide additional information about the process. We will bring you through the necessary steps via email and continue the conversation there."}},"e240d5d8-e62e-4490-bb0f-a18753082640":{"type":"faq_tabs","settings":{"qusetion":"Can I extend the KeaCare 365-days Warranty to my customers?","answer":"Yes, you can extend the KeaCare 365-days Warranty to your customers. Drop us an email retailer@keababies.com to find out more."}},"da4d585f-c732-498c-9bd7-d8004426bc88":{"type":"faq_tabs","settings":{"qusetion":"Can I try your products first?","answer":"Yes, you may request for product samples before making your wholesale purchase with us."}},"5596c09c-c3cd-47b4-9972-d728e9fe8fb0":{"type":"faq_tabs","disabled":true,"settings":{"qusetion":"What are my benefits as a retailer?","answer":"You get to be part of"}}},"block_order":["f71cf3f4-d85b-41c0-a630-5a3b44533718","e240d5d8-e62e-4490-bb0f-a18753082640","da4d585f-c732-498c-9bd7-d8004426bc88","5596c09c-c3cd-47b4-9972-d728e9fe8fb0"],"settings":{"title":"Frequently Asked Questions","top_right_img":"shopify:\/\/shop_images\/top_right.png","bottom_left_img":"shopify:\/\/shop_images\/bottom_left.png"}}},"order":["retailer-top-section","1626497904e30b3245","1626503868388be159","1626513359bf06f4d9","1626510852286453a6","16265165539890d155"]}