{"sections":{"retailer-top-section":{"type":"retailer-top-section","settings":{"image":"shopify:\/\/shop_images\/Untitled_design_-_2021-08-24T153807.524.jpg","title":"Refer-a-friend","sub_content":""}},"16266979500b0aa569":{"type":"ratiler-tab","settings":{"title1":"RETAILER","title1_url":"shopify:\/\/pages\/retailer-ambassaador","title2":"AMBASSADOR","title2_url":"shopify:\/\/pages\/ambassador-1","title3":"REFER A FRIEND","title3_url":"shopify:\/\/pages\/refer-friend"}},"162669829159a993fa":{"type":"retailer_authorise","settings":{"title":"Spread the joy to a friend","content":"Introduce KeaBabies to your circle, so that they, too, can enjoy every bonding moment.\nEnjoy a $10 store credit for both you and your friend. How awesome is that?","left_icon":"shopify:\/\/shop_images\/Layer_2_2.png"}},"1626698058a5ad182a":{"type":"ratailer_how_work","settings":{"img1":"shopify:\/\/shop_images\/2_copy_3_1d233199-dcbd-4e0c-9040-c4973e3d6ac0.jpg","img2":"shopify:\/\/shop_images\/6_ac0dd5a1-1771-41b2-b409-61a6cc25d1b4.jpg","img3":"shopify:\/\/shop_images\/5_390af9e0-39c4-424b-a653-f5e7614ac368.jpg","img4":"shopify:\/\/shop_images\/1_copy_3_17102e3f-c2c2-417d-862c-038a44273927.jpg","work_content":"<h2>How do I start?<\/h2>\n<ul>\n<li>Sign up by clicking the button below.<\/li>\n<li>Create and share your unique link to a friend.<\/li>\n<li>Your friend will automatically enjoy a $10 discount upon using the link. You will receive $10 gift card in your email for every purchase made.<\/li>\n<\/ul>\n<p>Sign up now to get started!<\/p>","form_btn":"I want my referral link now","btn_url":"https:\/\/keababies.com\/refer-a-friend","form_content":""}},"162669877805355c7e":{"type":"retailer_faq","blocks":{"84e0ca4a-ecc7-40bb-81bf-998c8f500fab":{"type":"faq_tabs","settings":{"qusetion":"How do I refer KeaBabies' products to my friends?","answer":"Simply click on the \"I want my referral link now\" button above and sign up for a referral account. You will get a referral link and you can get your friends to purchase directly from the link."}},"60a9b4f1-165f-4f18-8763-28b322d33678":{"type":"faq_tabs","settings":{"qusetion":"How does the referral discount work?","answer":"Your friend will automatically receive $10 off their first purchase via your referral link. Once the purchase is verified via your referral link, you will earn $10 store credit, which you can apply for your next purchase with us."}},"97099232-e980-4cce-b72d-35eaa22f71f6":{"type":"faq_tabs","settings":{"qusetion":"How do I become a brand ambassador?","answer":"Go to the ambassador tab at the top of this page and sign up as a brand ambassador."}},"745c0ae1-0796-43a5-acc6-eb23d9661907":{"type":"faq_tabs","settings":{"qusetion":"Does the store credit have any expiry?","answer":"All issued store credits are valid for 3 months from the date of issuance. You may email us at ask@keababies.com to request for extension of store credit validity."}}},"block_order":["84e0ca4a-ecc7-40bb-81bf-998c8f500fab","60a9b4f1-165f-4f18-8763-28b322d33678","97099232-e980-4cce-b72d-35eaa22f71f6","745c0ae1-0796-43a5-acc6-eb23d9661907"],"settings":{"title":"Frequently Asked Questions","top_right_img":"shopify:\/\/shop_images\/top_right.png","bottom_left_img":"shopify:\/\/shop_images\/bottom_left.png"}}},"order":["retailer-top-section","16266979500b0aa569","162669829159a993fa","1626698058a5ad182a","162669877805355c7e"]}