{"sections":{"inspiring-parents":{"type":"inspiring-parents","blocks":{"318c64de-b01a-4091-b599-1764f497db60":{"type":"images","settings":{"images":"shopify:\/\/shop_images\/top1_a3ba2fe2-97ff-418d-90b8-4ecd04462420.png","url":"\/","width":"50%"}},"1c2f493b-d799-404b-a1ec-e0627c59b927":{"type":"images","settings":{"images":"shopify:\/\/shop_images\/top2_4149ab2c-ae69-4ce6-928f-a099ba3e2fa4.png","url":"\/","width":"50%"}}},"block_order":["318c64de-b01a-4091-b599-1764f497db60","1c2f493b-d799-404b-a1ec-e0627c59b927"],"settings":{"text":"Simplifying your life  for more bonding moments"}},"1626339709f7672dde":{"type":"jane-ivan-text","blocks":{"194f2061-5502-401f-947a-b0b548ee3a78":{"type":"text","settings":{"html":"<p>Our journey as brand new parents began in 2016 with the arrival of our first son. The sleepless nights, the exhaustion, the endless doubts of whether we were doing the right thing… we were lost, swept in a sea of mixed emotions. <\/p>\n\n<p>Yet with each new day, we also experienced the wondrous tingling and warm feeling when gazing into his pure, glistening eyes. The incredible joy when he cooed and smiled. The magical sense of peace when we watched him sleeping soundly. Those were brand new emotions, and priceless bonding moments, too… we wouldn’t have traded them for the world. <\/p>\n<p>There and then, we knew that parenting is a delightful adventure. <\/p>"}},"24fbc9c7-e77c-40aa-b587-28a8fc338626":{"type":"text","settings":{"html":"<p>Only a few months after, we got another sweet surprise: our second son was on his way! As our hearts once again soared with anticipation, Ivan got into a heavy accident, and was seriously injured. With a baby in tow and another on the way, family and friends stepped up, selflessly lending a helping hand. Without such supportive community, we might not have been where we are today.<\/p>\n\n<p>When we started KeaBabies in 2017, KeaCommunity became the heart and soul of everything we do. We are here to support you from day one – whether it’s parenting tips and tricks that you need, a pair of listening ears, or functional baby products that you can count on. Let us simplify your life so you can enjoy more bonding moments on this adventure. We will walk with you!<\/p>"}}},"block_order":["194f2061-5502-401f-947a-b0b548ee3a78","24fbc9c7-e77c-40aa-b587-28a8fc338626"],"settings":{"left_top":"shopify:\/\/shop_images\/Path_7510_220x178_3abc5ac0-4003-4cb4-956d-8b7a80ae8bcd.png","right_top":"shopify:\/\/shop_images\/Path_7511_220x178_57d35db7-eacd-43d2-9668-e99edf73e558.png","title":"Hey, we’re Jane & Ivan!","sing_text":"With love,","sign_img":"shopify:\/\/shop_images\/Shape_689_1_copy_400x122_81174e7a-7c46-4994-9ade-01f9346b2dc9.png"}},"1626340096e1a098e0":{"type":"adenture","settings":{"image":"shopify:\/\/shop_images\/Group_352_ce72da2e-c31e-42f9-b27d-1ab48097dbb9.png","text":"Enjoy the parenting adventure. Make every moment count."}},"1626340214f5223595":{"type":"our_brands","blocks":{"17b8a491-b0da-46c8-b0f3-a9d7f36cd65f":{"type":"images","settings":{"title":"Commitment to quality","content":"We offer unwavering quality and value with every purchase. The products in our ecosystem are crafted from the heart, and smartly designed with you in mind.","button":"Shop Now","url":"shopify:\/\/collections\/all","image_brand":"shopify:\/\/shop_images\/Untitled_design_50.png","bg_color":"#f7f7f7"}},"a1d7c1f6-8688-4f15-99f1-dda26db76651":{"type":"images","settings":{"title":"Baby-safe","content":"All of our products are safe and gentle for your little one, and made with only the best materials. They are stringently tested for safety and quality, and are internationally-certified.","button":"Shop Now","url":"shopify:\/\/collections\/all-products","image_brand":"shopify:\/\/shop_images\/Untitled_design_49_2e25c905-6089-4a84-8a62-dc257586a604.png","bg_color":"#e6ebf0","svg_icon":"shopify:\/\/shop_images\/Layer_2_63be3f97-e73f-4f6f-b2bd-32a9185c1c77.png"}},"4dae940c-a510-40ed-9d4b-48e8acefec77":{"type":"images","settings":{"title":"Customers first","content":"We are here for you 24\/7. Each KeaBabies piece is covered by a KeaCare 365-day money-back warranty, so that your purchase comes without worry.","button":"","url":"\/","image_brand":"shopify:\/\/shop_images\/httpskeababies.comfb.png","bg_color":"#f7f5e9","svg_icon":"shopify:\/\/shop_images\/Layer_1_4d8efe52-221f-4dbe-8385-374251099962.png"}},"85c0734d-2f25-487e-9b74-fbc32eb53c8e":{"type":"images","settings":{"title":"Better together","content":"Our KeaCommunity embraces every parent. No exceptions! We honour Mother Earth, and use earth-friendly elements in our products and packaging.","button":"","url":"\/","image_brand":"shopify:\/\/shop_images\/Untitled_design_51.png","bg_color":"#e6ebf0"}}},"block_order":["17b8a491-b0da-46c8-b0f3-a9d7f36cd65f","a1d7c1f6-8688-4f15-99f1-dda26db76651","4dae940c-a510-40ed-9d4b-48e8acefec77","85c0734d-2f25-487e-9b74-fbc32eb53c8e"],"settings":{"text":"We are committed to helping you make parenthood a delightful adventure through our four core values:","subtext":"Our brand promise"}}},"order":["inspiring-parents","1626339709f7672dde","1626340096e1a098e0","1626340214f5223595"]}