{"sections":{"custom-resource":{"type":"custom-resource","settings":{"image":"shopify:\/\/shop_images\/Untitled_2560_x_600_px_ba3b2be0-8ce4-4d3c-b475-1e46ff0aaf87.jpg","title":"Step-by-step guided tutorials","search_enable":false}},"16269515382c386189":{"type":"Tutorial_tag","disabled":true,"blocks":{"176cadac-2ab4-4169-b8dc-f113f641cab8":{"type":"category","settings":{"cate_icon":"shopify:\/\/shop_images\/Path_6945_a2dec11d-7712-4638-9187-ebb995437d19.png","title":"Baby Products","cate_url":"shopify:\/\/collections\/baby"}},"9989959f-6987-4aea-ae75-d992cb23056f":{"type":"category","settings":{"cate_icon":"shopify:\/\/shop_images\/Path_6946.png","title":"Maternity Products","cate_url":"shopify:\/\/collections\/maternity"}},"2c7de1df-0b29-4f12-9aa4-fcca77c7324b":{"type":"category","settings":{"cate_icon":"shopify:\/\/shop_images\/Layer_2_1_0681cd7c-5f08-4683-a9ae-41a3c1378b45.png","title":"Drkea Products","cate_url":"shopify:\/\/collections\/pregnancy-maternity"}}},"block_order":["176cadac-2ab4-4169-b8dc-f113f641cab8","9989959f-6987-4aea-ae75-d992cb23056f","2c7de1df-0b29-4f12-9aa4-fcca77c7324b"],"settings":{}},"1626952310c5ed50fa":{"type":"tutorials_category","blocks":{"f73d2768-b8f3-4641-93a5-81137439159d":{"type":"category","disabled":true,"settings":{"title":"ALL TUTORIALS","cate_url":"shopify:\/\/pages\/tutorials-1"}},"518f6f56-d71f-4dae-bf3d-4129c89fdf4f":{"type":"category","settings":{"title":"WRAP CARRIER","cate_url":"#baby_wrap_carrier"}},"fe3001c3-da87-47af-a5e6-a81bc44444b3":{"type":"category","settings":{"title":"RING SLING","cate_url":"#ring_sling"}},"3a286f66-d284-4555-b57d-c7d28752077b":{"type":"category","settings":{"title":"SWADDLE WRAP","cate_url":"#swaddle_wrap"}},"660b7d98-20d9-4e23-9f5b-d28496a5719e":{"type":"category","settings":{"title":"BABY ORNAMENT","cate_url":"#baby_ornament"}},"55a96cef-96e4-42c2-a56e-fb6985bdbfab":{"type":"category","settings":{"title":"BABY HAND & FOOT PRINT KIT","cate_url":"#baby_handprint"}},"dac17fc6-1511-49e5-8070-e0607e7e5423":{"type":"category","settings":{"title":"POSTPARTUM BELTS","cate_url":"#postpartum_belts"}},"12ef7f89-3d99-436c-b5b0-ddfd50022872":{"type":"category","settings":{"title":"DRKEA BLOOD PRESSURE MONITOR","cate_url":"#bp_monitors"}}},"block_order":["f73d2768-b8f3-4641-93a5-81137439159d","518f6f56-d71f-4dae-bf3d-4129c89fdf4f","fe3001c3-da87-47af-a5e6-a81bc44444b3","3a286f66-d284-4555-b57d-c7d28752077b","660b7d98-20d9-4e23-9f5b-d28496a5719e","55a96cef-96e4-42c2-a56e-fb6985bdbfab","dac17fc6-1511-49e5-8070-e0607e7e5423","12ef7f89-3d99-436c-b5b0-ddfd50022872"],"settings":{"slider_speed":"1000","autoplay":false,"autoplay_speed":"1000","dots":false,"arrows":true}},"1626954130c6506c90":{"type":"product_video","settings":{"section_id":"baby_wrap_carrier","top_space":5,"video_position":"right","video_banner":"shopify:\/\/shop_images\/Untitled_design_-_2021-11-02T104509.307.jpg","video_iframe":"<iframe height=\"600\" src=\"https:\/\/www.youtube.com\/embed\/WNPXQTUH8O0\" title=\"YouTube video player\" frameborder=\"0\" allow=\"accelerometer; autoplay; clipboard-write; encrypted-media; gyroscope; picture-in-picture\" allowfullscreen><\/iframe>","video_text":"<h2>Baby Wrap Carrier Tutorial<\/h2> <p>Discover different ways to wrap your baby using our wrap carrier.<\/p> <p>Newborn Hug Hold<br>Regular Tie<br>Front Facing Carry<br>Plus Size Tie<\/p><p><strong><span style=\"text-decoration: underline; color: #b0cb67;\"><a style=\"color: #b0cb67; text-decoration: underline;\" href=\"https:\/\/keababies.com\/products\/baby-wrap-carrier\">View Product<\/a><\/span><\/strong><\/p>","bg_color":"#f0f9fc"}},"1626957747a109f48e":{"type":"tutorial_more","blocks":{"e01d8faf-86c4-47bd-a814-4bea5b024dce":{"type":"category","settings":{"image":"shopify:\/\/shop_images\/Untitled_design_-_2021-11-02T105004.619.jpg","title":"Regular Hug Hold","content":"Suitable for 3 months and above.","image_url":"https:\/\/youtu.be\/WNPXQTUH8O0"}},"03a70092-558e-4ff8-a660-e0d4b00f193a":{"type":"category","settings":{"image":"shopify:\/\/shop_images\/Untitled_design_-_2021-11-02T105351.129.jpg","title":"Newborn Hug Hold","content":"Suitable for newborn up to 3 months.","image_url":"https:\/\/youtu.be\/lYnZotW4K_s"}},"4c96c5f4-4ff5-4f3d-ba16-9f21493db391":{"type":"category","settings":{"image":"shopify:\/\/shop_images\/Untitled_design_-_2021-11-02T105710.801.jpg","title":"Regular Hold For Plus Size","content":"Suitable for 3 months and above.","image_url":"https:\/\/youtu.be\/n9S4hBaTw9c"}},"08408935-dc29-4f4f-aded-b1109585f52b":{"type":"category","settings":{"image":"shopify:\/\/shop_images\/Untitled_design_-_2021-11-02T105932.867.jpg","title":"Removing Baby From Wrap Carrier","content":"Learn how to get baby out of baby wrap carrier.","image_url":"https:\/\/youtu.be\/UvCM9xX82rI"}},"0502a97c-f5ef-406a-90fd-a850bcd240f0":{"type":"category","settings":{"image":"shopify:\/\/shop_images\/Untitled_design_-_2021-11-02T110229.129.jpg","title":"Babywearing A Toddler","content":"Suitable for toddlers","image_url":"https:\/\/youtu.be\/MhR7VPSr2zc"}},"e782a078-a9c8-46c8-8303-529d620d8374":{"type":"category","settings":{"image":"shopify:\/\/shop_images\/Untitled_design_-_2021-11-02T110434.135.jpg","title":"Babywearing Workout","content":"Suitable for 3 months and above.","image_url":"https:\/\/youtu.be\/l7IdM4ESVrc"}}},"block_order":["e01d8faf-86c4-47bd-a814-4bea5b024dce","03a70092-558e-4ff8-a660-e0d4b00f193a","4c96c5f4-4ff5-4f3d-ba16-9f21493db391","08408935-dc29-4f4f-aded-b1109585f52b","0502a97c-f5ef-406a-90fd-a850bcd240f0","e782a078-a9c8-46c8-8303-529d620d8374"],"settings":{"title":"More wrap carrier tutorials","slider_speed":"1000","autoplay":true,"autoplay_speed":"1000","dots":false,"arrows":true}},"1635320885d39341e5":{"type":"product_video","settings":{"section_id":"ring_sling","top_space":5,"video_position":"left","video_banner":"shopify:\/\/shop_images\/Untitled_design_-_2021-11-02T111231.507.jpg","video_iframe":"<iframe height=\"600\" src=\"https:\/\/www.youtube.com\/embed\/pB2XIsE_a5w\" title=\"YouTube video player\" frameborder=\"0\" allow=\"accelerometer; autoplay; clipboard-write; encrypted-media; gyroscope; picture-in-picture\" allowfullscreen><\/iframe>","video_text":"<h2>Baby Ring Sling<\/h2> <p>Learn how to transform baby wrap carrier into a ring sling.<\/p> <p> <\/p>","bg_color":""}},"163582298280fe9727":{"type":"product_video","settings":{"section_id":"swaddle_wrap","top_space":100,"video_position":"right","video_banner":"shopify:\/\/shop_images\/Untitled_design_-_2021-11-02T112228.442.jpg","video_iframe":"<iframe height=\"600\" src=\"https:\/\/www.youtube.com\/embed\/0W9tyTw35Ak\" title=\"YouTube video player\" frameborder=\"0\" allow=\"accelerometer; autoplay; clipboard-write; encrypted-media; gyroscope; picture-in-picture\" allowfullscreen><\/iframe>","video_text":"<h2>Swaddle Wrap Tutorial<\/h2> <p>Learn how to use KeaBabies SOOTHE Swaddle Wrap.<\/p> <p><strong><span style=\"text-decoration: underline; color: #b0cb67;\"><a style=\"color: #b0cb67; text-decoration: underline;\" href=\"https:\/\/keababies.com\/products\/3-pack-soothe-swaddle-wraps\">View Product<\/a><\/span><\/strong><\/p>","bg_color":""}},"16358236966e341e3b":{"type":"product_video","settings":{"section_id":"baby_ornament","top_space":100,"video_position":"left","video_banner":"shopify:\/\/shop_images\/Untitled_design_-_2021-11-02T113130.955.jpg","video_iframe":"<iframe height=\"600\" src=\"https:\/\/www.youtube.com\/embed\/i_FsTw0I-3w\" title=\"YouTube video player\" frameborder=\"0\" allow=\"accelerometer; autoplay; clipboard-write; encrypted-media; gyroscope; picture-in-picture\" allowfullscreen><\/iframe>","video_text":"<h2>Baby Ornament Tutorial<\/h2> <p>Learn how to personalize your very own baby ornament with KeaBabies All-in-1 Baby Ornament Keepsake Kit.<\/p> <p><strong><span style=\"text-decoration: underline; color: #b0cb67;\"><a style=\"color: #b0cb67; text-decoration: underline;\" href=\"https:\/\/keababies.com\/products\/baby-handprint-keepsake-ornament\">View Product<\/a><\/span><\/strong><\/p>","bg_color":""}},"1635823999a5e8a332":{"type":"product_video","settings":{"section_id":"baby_handprint","top_space":100,"video_position":"right","video_banner":"shopify:\/\/shop_images\/Untitled_design_-_2021-11-02T113627.597.jpg","video_iframe":"<iframe height=\"600\" src=\"https:\/\/www.youtube.com\/embed\/G7vXJFpaA7E\" title=\"YouTube video player\" frameborder=\"0\" allow=\"accelerometer; autoplay; clipboard-write; encrypted-media; gyroscope; picture-in-picture\" allowfullscreen><\/iframe>","video_text":"<h2>Baby Hand and Foot Print Kit Tutorial<\/h2> <p>Learn how to personalize your very own baby ornament with KeaBabies All-in-1 Baby Hand and Foot Print Photoframe Keepsake.<\/p> <p><strong><span style=\"text-decoration: underline; color: #b0cb67;\"><a style=\"color: #b0cb67; text-decoration: underline;\" href=\"https:\/\/keababies.com\/products\/baby-handprint-footprint-keepsake-kit\">View Product<\/a><\/span><\/strong><\/p>","bg_color":""}},"163582422555de7ef5":{"type":"product_video","settings":{"section_id":"postpartum_belts","top_space":100,"video_position":"left","video_banner":"shopify:\/\/shop_images\/Untitled_design_-_2021-11-02T114114.386.jpg","video_iframe":"<iframe height=\"600\" src=\"https:\/\/www.youtube.com\/embed\/L7Pd4zU8V3Y\" title=\"YouTube video player\" frameborder=\"0\" allow=\"accelerometer; autoplay; clipboard-write; encrypted-media; gyroscope; picture-in-picture\" allowfullscreen><\/iframe>","video_text":"<h2>3-in-1 Postpartum Belt Tutorial<\/h2> <p>Learn how to use KeaBabies 3-in-1 Postpartum Support Recovery Bands, helps you get back in shape after giving birth.<\/p> <p><strong><span style=\"text-decoration: underline; color: #b0cb67;\"><a style=\"color: #b0cb67; text-decoration: underline;\" href=\"https:\/\/keababies.com\/products\/3-in-1-postpartum-belly-support-recovery-wrap\">View Product<\/a><\/span><\/strong><\/p>","bg_color":""}},"16358242423ec7b170":{"type":"product_video","settings":{"section_id":"bp_monitors","top_space":100,"video_position":"left","video_banner":"shopify:\/\/shop_images\/Untitled_design_-_2021-11-02T114623.221.jpg","video_iframe":"<iframe height=\"600\" src=\"https:\/\/www.youtube.com\/embed\/bmwn4zsyfQs\" title=\"YouTube video player\" frameborder=\"0\" allow=\"accelerometer; autoplay; clipboard-write; encrypted-media; gyroscope; picture-in-picture\" allowfullscreen><\/iframe>","video_text":"<h2>Blood Pressure Monitor Tutorial<\/h2> <p>Learn how to use DrKea Automatic Blood Pressure Monitors, and monitor your health at the comfort of your home.<\/p> <p><strong><span style=\"text-decoration: underline; color: #b0cb67;\"><a style=\"color: #b0cb67; text-decoration: underline;\" href=\"https:\/\/keababies.com\/products\/upper-arm-blood-pressure-monitor\">View Product<\/a><\/span><\/strong><\/p>","bg_color":""}}},"order":["custom-resource","16269515382c386189","1626952310c5ed50fa","1626954130c6506c90","1626957747a109f48e","1635320885d39341e5","163582298280fe9727","16358236966e341e3b","1635823999a5e8a332","163582422555de7ef5","16358242423ec7b170"]}