{"sections":{"contact-us":{"type":"contact-us","blocks":{"e30276ad-67bc-4e95-a151-e345c9a822f4":{"type":"reason","settings":{"reason":"Product Enquiries"}},"9463d9cc-a2b0-46d9-b59e-8495bf11dbbc":{"type":"reason","settings":{"reason":"Shipping & Orders"}},"a6526b56-ab3b-4552-be06-3d947a2b1e02":{"type":"reason","settings":{"reason":"Others"}}},"block_order":["e30276ad-67bc-4e95-a151-e345c9a822f4","9463d9cc-a2b0-46d9-b59e-8495bf11dbbc","a6526b56-ab3b-4552-be06-3d947a2b1e02"],"settings":{"images":"shopify:\/\/shop_images\/Untitled_design_45.png","title":"You can count on us","richtext":"Send in your questions below, or email us at ask@keababies.com. \nWe will get back to you within 24 hours."}},"16263453335d353516":{"type":"shipping_icon","blocks":{"f61b7858-a89e-4d6b-9ba1-548d59e60b7d":{"type":"shipping-icon","settings":{"image":"shopify:\/\/shop_images\/money_79x77_e7d38417-96a7-4d23-841c-c2636f2774a2.png","link":"https:\/\/keababies.com\/pages\/faq","text":"30-day Money-back guarantee"}},"41b72ece-f99c-47e5-b70c-414b3d51ab35":{"type":"shipping-icon","settings":{"image":"shopify:\/\/shop_images\/shipping_79x77_4412a1d5-f671-44d2-b2cf-4794f71decea.png","link":"https:\/\/keababies.com\/pages\/faq","text":"Free shipping above $50"}},"a6afd0ac-4b63-45db-9de5-096968c6eee7":{"type":"shipping-icon","settings":{"image":"shopify:\/\/shop_images\/warranty_79x77_daac7495-d984-487c-b78e-718fb05d9ce9.png","link":"https:\/\/keababies.com\/pages\/faq","text":"KeaCare 365  1-year warranty"}}},"block_order":["f61b7858-a89e-4d6b-9ba1-548d59e60b7d","41b72ece-f99c-47e5-b70c-414b3d51ab35","a6afd0ac-4b63-45db-9de5-096968c6eee7"],"settings":{}},"16263455617879666f":{"type":"contact_email","blocks":{"3295740f-5ba3-4033-acc0-21d157b99bd0":{"type":"emails","settings":{"text":"Hello Content Creators","subtext":"Spread KeaBabies’ wonderful moments by becoming our Brand Ambassadors. \nShare your ideas. We’d love to collaborate with you!","email":"Email us at","email_add":"outreach@kebabies.com","bg_color":"#f0f9fc"}},"328890b3-8ce3-45ae-a672-a9918ca78fed":{"type":"emails","settings":{"text":"Hello Retailers","subtext":"We’re always happy to have more retail partners. \nDrop us a line, introduce yourself and let’s explore more!","email":"Email us at","email_add":"retailer@kebabies.com","bg_color":"#f9f5e5"}},"04ecefa2-f1fd-472f-aed9-37ac3542c4ea":{"type":"emails","settings":{"text":"Hello Media Friends","subtext":"You are warmly welcome!\nOur co-founders are excited to share their humble journey with you.","email":"Email us at","email_add":"press@kebabies.com","bg_color":"#f0f6e1"}}},"block_order":["3295740f-5ba3-4033-acc0-21d157b99bd0","328890b3-8ce3-45ae-a672-a9918ca78fed","04ecefa2-f1fd-472f-aed9-37ac3542c4ea"],"settings":{}},"1626346294e2253409":{"type":"join_community","settings":{"text":"We’re better together.","subtext":"Join the KeaCommunity to connect with 20,000+ other KeaParents to support each other, share recommendations, and enjoy exclusive promos, giveways, and more!","button":"join keacommunity","url":"https:\/\/www.facebook.com\/groups\/keababieslove\/","images":"shopify:\/\/shop_images\/Untitled_design_49.png"}}},"order":["contact-us","16263453335d353516","16263455617879666f","1626346294e2253409"]}