{"sections":{"custom-resource":{"type":"custom-resource","settings":{"image":"shopify:\/\/shop_images\/Untitled_2560_x_600_px_2.jpg","title":"Resource Center","search_enable":false}},"16267659872a2eab2a":{"type":"custom-resuorce_tab","blocks":{"3603810b-8d13-4a2b-bf1e-023fbe8bac9c":{"type":"resource_menu","settings":{"title":"Blog Stories","url":"shopify:\/\/pages\/blog-stories"}},"9771e84b-281d-4f0a-9bbb-593e4f98dfef":{"type":"resource_menu","settings":{"title":"Keacommunity","url":"shopify:\/\/pages\/keacommunity-new"}},"17b0fc74-0a8e-4cf2-87de-40d290437210":{"type":"resource_menu","settings":{"title":"Resource","url":"shopify:\/\/pages\/resource"}}},"block_order":["3603810b-8d13-4a2b-bf1e-023fbe8bac9c","9771e84b-281d-4f0a-9bbb-593e4f98dfef","17b0fc74-0a8e-4cf2-87de-40d290437210"],"settings":{}},"1626770114d255c099":{"type":"latest-resources","disabled":true,"settings":{"title":"Latest News","blog":"keamommies-blog","blog_tag":"baby","post_limit":12,"blog_show_author":false,"blog_show_date":true,"slider_speed":"1000","autoplay":false,"autoplay_speed":"1000","dots":true,"arrows":true,"show_view_all":false,"btn_title":"View All","btn_url":""}},"1626770864ba2135fd":{"type":"popular_blog","disabled":true,"settings":{"title":"Popular","blog":"keamommies-blog","tagblog":"popular","post_limit":50,"blog_show_author":false,"blog_show_date":true,"show_view_all":false,"slider_speed":"1000","autoplay":false,"autoplay_speed":"1000","dots":false,"arrows":true}},"16267760229ff9905a":{"type":"custom-bundle","disabled":true,"blocks":{"c5fad68d-5977-41d7-bbe1-89dc44542d33":{"type":"image","settings":{"main_img":"shopify:\/\/shop_images\/new.png","hover_img":"shopify:\/\/shop_images\/Group_358.png","title":"Newborn Essentials","link_title":"shopify:\/\/blogs\/keamommies-blog\/top-outdoor-activities-for-babies","width":"60%"}},"b886b650-d115-4d94-a207-096d86a90daa":{"type":"image","settings":{"main_img":"shopify:\/\/shop_images\/new123.png","hover_img":"shopify:\/\/shop_images\/Group_359_5332d84c-ada7-484e-a9e5-a32a926d4a07.png","title":"Drool Bundle","link_title":"shopify:\/\/blogs\/keamommies-blog\/https-keababies-com-blogs-keamommies-blog-completing-your-baby-s-ootd-with-keababies-bandana-bibs","width":"40%"}},"6231e521-f032-4409-b173-f733ec2fe708":{"type":"image","settings":{"main_img":"shopify:\/\/shop_images\/Group_359_5332d84c-ada7-484e-a9e5-a32a926d4a07.png","hover_img":"shopify:\/\/shop_images\/new123.png","title":"Maternity Essentials #1","link_title":"shopify:\/\/blogs\/keamommies-blog\/maternity-must-haves","width":"40%"}},"7c23036b-4669-413d-b65b-2775e40efdf7":{"type":"image","settings":{"main_img":"shopify:\/\/shop_images\/Group_358.png","hover_img":"shopify:\/\/shop_images\/new.png","title":"On-the-go Bundle #1","link_title":"shopify:\/\/blogs\/keamommies-blog\/the-quick-and-easy-way-to-wrap-a-baby-sling","width":"60%"}}},"block_order":["c5fad68d-5977-41d7-bbe1-89dc44542d33","b886b650-d115-4d94-a207-096d86a90daa","6231e521-f032-4409-b173-f733ec2fe708","7c23036b-4669-413d-b65b-2775e40efdf7"],"settings":{"taj_icon":"shopify:\/\/shop_images\/Layer_1_24053b23-fc95-4f8e-8066-613cd2cc74db.png","title":"Baby Registry Inspiration Boards","content":"A body copy to describe your bundles or featured section here in no more than two lines A body copy to describe your bundles","button_text":"","button_link":"","bg_color":"","text_color":"","border_color":"","bg_hover_color":"","text_hover_color":"","border_hover_color":""}},"1626778855c5103a1f":{"type":"resource_newsletter","disabled":true,"settings":{"top_space":150,"left_image":"shopify:\/\/shop_images\/2481853_3x_daab3ee1-a59c-4c0f-ac2d-f9bee9d810eb.png","title":"What topics would you like to see more of from KeaBabies?"}},"1626785551bdd03c83":{"type":"resource_feature_blog","blocks":{"7de35f19-b6c7-4227-9f31-aff0780c0ae5":{"type":"blog_category","disabled":true,"settings":{"cate_image":"shopify:\/\/shop_images\/wedst-elm-x-pbk-knit-cotton-divided-squares-baby-blanket-o-2.png","blog_category":"MOM LIFE","cate_color":"#ff5266","cate_desc":"Understanding Baby Blues (Part 2 of 2)","cate_url":"#"}},"d495fd26-46d9-4150-9977-be650dd0111b":{"type":"blog_category","disabled":true,"settings":{"cate_image":"shopify:\/\/shop_images\/2430368.png","blog_category":"POSTPARTUM","cate_color":"#31ce8b","cate_desc":"Understanding Baby Blues (Part 2 of 2)","cate_url":"#"}},"6aa4f95e-bba4-4655-bbc1-488748d812e3":{"type":"blog_category","disabled":true,"settings":{"cate_image":"shopify:\/\/shop_images\/modern-baby-wooden-play-gym-c.png","blog_category":"MOM LIFE","cate_color":"#ff5266","cate_desc":"Understanding Baby Blues (Part 2 of 2)","cate_url":"#"}},"a1d526bf-6d75-4c29-b34b-82d0be246ca5":{"type":"blog_category","disabled":true,"settings":{"cate_image":"shopify:\/\/shop_images\/2975085.png","blog_category":"PREGNANCY","cate_color":"#12a4ff","cate_desc":"Understanding Baby Blues (Part 2 of 2)","cate_url":"#"}},"0f9bf942-cd55-4397-a3ee-9b5cca00fde7":{"type":"blog_category","disabled":true,"settings":{"cate_image":"shopify:\/\/shop_images\/2975090.png","blog_category":"POSTPARTUM","cate_color":"#31ce8b","cate_desc":"Understanding Baby Blues (Part 2 of 2)","cate_url":"#"}},"7c1efa48-2c73-4fa1-be47-8fb93fa322c4":{"type":"blog_category","disabled":true,"settings":{"cate_image":"shopify:\/\/shop_images\/1986005.png","blog_category":"MOM LIFE","cate_color":"#ff5266","cate_desc":"Understanding Baby Blues (Part 2 of 2)","cate_url":"#"}},"46384de6-29fe-4ae6-886a-5454166503d4":{"type":"download_content","settings":{"cate_image":"shopify:\/\/shop_images\/1_d3a025de-c6bb-435d-9d20-a92facf9327d.jpg","activity":"ACTIVITY","activity_color":"#f27fd3","down_desc":"4th July Flag Treats","btn_title":"Download","btn_url":"https:\/\/cdn.shopify.com\/s\/files\/1\/0079\/7704\/1977\/files\/4th_of_July_Fun_Yum_Yum_Flag_Treats_compressed.pdf?v=1625209413"}},"085d479f-cb57-42b4-b715-5cc500566b86":{"type":"download_content","settings":{"cate_image":"shopify:\/\/shop_images\/Ovulation_Calculator_Sheet_600_x_600_px_1000_x_1000_px.jpg","activity":"ACTIVITY","activity_color":"#f27fd3","down_desc":"4th July Word Search","btn_title":"Download","btn_url":"https:\/\/cdn.shopify.com\/s\/files\/1\/0079\/7704\/1977\/files\/4th_of_July_Fun_Word_search_compressed.pdf?v=1625209413"}},"bef43010-470a-4642-be37-98eefff29b1b":{"type":"download_content","settings":{"cate_image":"shopify:\/\/shop_images\/2_6ed374ae-f13e-4656-a3ad-89cf21da89d9.jpg","activity":"ACTIVITY","activity_color":"#f27fd3","down_desc":"4th July Scavenger Hunt Bingo","btn_title":"Download","btn_url":"https:\/\/cdn.shopify.com\/s\/files\/1\/0079\/7704\/1977\/files\/4th_of_July_Fun_scavenger_hunt_compressed.pdf?v=1625209413"}},"866fe9e2-e1a5-4c8c-b32d-7f88cf3ac391":{"type":"download_content","settings":{"cate_image":"shopify:\/\/shop_images\/5_fcea76bd-c807-4db9-8743-e8808d626eda.jpg","activity":"ACTIVITY","activity_color":"#f27fd3","down_desc":"Easter Spot The Difference","btn_title":"Download","btn_url":"https:\/\/cdn.shopify.com\/s\/files\/1\/0079\/7704\/1977\/files\/Spot_the_Difference_Activity_compressed.pdf?v=1617091645"}},"b4889431-2f49-4126-adb3-9824558ad2b4":{"type":"download_content","settings":{"cate_image":"shopify:\/\/shop_images\/6_423b9906-ac8d-46bb-bec4-e58a7262ec80.jpg","activity":"ACTIVITY","activity_color":"#f27fd3","down_desc":"Easter Egg Hunt","btn_title":"Download","btn_url":"https:\/\/cdn.shopify.com\/s\/files\/1\/0079\/7704\/1977\/files\/Easter_Egg_Hunt_Activity_compressed.pdf?v=1617089116"}},"943b2731-41b7-4010-86d2-e8b0e8273e45":{"type":"download_content","settings":{"cate_image":"shopify:\/\/shop_images\/3_8a23f5d8-ac0b-46f5-bfe3-086626dfdd6a.jpg","activity":"Activity","activity_color":"#f27fd3","down_desc":"Easter Word Search","btn_title":"Download","btn_url":"https:\/\/cdn.shopify.com\/s\/files\/1\/0079\/7704\/1977\/files\/Word_Search_Activity_-_Easter.pdf?v=1617271732"}}},"block_order":["7de35f19-b6c7-4227-9f31-aff0780c0ae5","d495fd26-46d9-4150-9977-be650dd0111b","6aa4f95e-bba4-4655-bbc1-488748d812e3","a1d526bf-6d75-4c29-b34b-82d0be246ca5","0f9bf942-cd55-4397-a3ee-9b5cca00fde7","7c1efa48-2c73-4fa1-be47-8fb93fa322c4","46384de6-29fe-4ae6-886a-5454166503d4","085d479f-cb57-42b4-b715-5cc500566b86","bef43010-470a-4642-be37-98eefff29b1b","866fe9e2-e1a5-4c8c-b32d-7f88cf3ac391","b4889431-2f49-4126-adb3-9824558ad2b4","943b2731-41b7-4010-86d2-e8b0e8273e45"],"settings":{"title":"","blog":"","post_limit":3,"blog_show_author":false,"blog_show_date":true,"show_view_all":false,"cate_title":"<span>Looking for more?<\/span>Here are a few resources to help you","download_title":"Activity Sheets","slider_speed":"1000","autoplay":false,"autoplay_speed":"1000","dots":false,"arrows":true}},"163456185719fa3480":{"type":"resource_feature_blog","blocks":{"69b61e39-e71d-45e5-890b-749f846e8867":{"type":"download_content","settings":{"cate_image":"shopify:\/\/shop_images\/2_f22e90bd-e894-4824-b88c-246ca159b76b.jpg","activity":"SPREADSHEET","activity_color":"#12a4ff","down_desc":"Ovulation Calculator","btn_title":"Download","btn_url":"https:\/\/cdn.shopify.com\/s\/files\/1\/0079\/7704\/1977\/files\/DrKea_Ovulation_Calendar.xlsx?6331"}},"ce5c1b56-99d4-4eb0-ac16-090147c6e960":{"type":"download_content","settings":{"cate_image":"shopify:\/\/shop_images\/3_bca57ccd-974f-4503-8c8e-d64995a3eee3.jpg","activity":"CHECKLIST","activity_color":"#31ce8b","down_desc":"Newborn Essentials","btn_title":"Download","btn_url":"https:\/\/cdn.shopify.com\/s\/files\/1\/0079\/7704\/1977\/files\/Essential_Checklist_d3649407-27b2-450f-8859-52e347655bb1.pdf?v=1635912116"}},"1a9a7738-3f54-45ca-a18a-0dc5ef1ba7b9":{"type":"download_content","settings":{"cate_image":"shopify:\/\/shop_images\/4_afa0645e-8e2f-4b6a-a0d3-238c230d6e0a.jpg","activity":"CHECKLIST","activity_color":"#31ce8b","down_desc":"Birth Plan","btn_title":"Download","btn_url":"https:\/\/cdn.shopify.com\/s\/files\/1\/0079\/7704\/1977\/files\/Birth_Plan.pdf?v=1635912177"}},"d80a104f-d954-437a-a0a7-8399d2c85ba8":{"type":"blog_category","settings":{"blog_category":"","cate_color":"","cate_desc":"","cate_url":""}}},"block_order":["69b61e39-e71d-45e5-890b-749f846e8867","ce5c1b56-99d4-4eb0-ac16-090147c6e960","1a9a7738-3f54-45ca-a18a-0dc5ef1ba7b9","d80a104f-d954-437a-a0a7-8399d2c85ba8"],"settings":{"title":"","blog":"","post_limit":3,"blog_show_author":false,"blog_show_date":true,"show_view_all":false,"cate_title":"Looking for more?Here are a few resources to help you","download_title":"Downloadable Sheets","slider_speed":"1000","autoplay":false,"autoplay_speed":"1000","dots":false,"arrows":true}}},"order":["custom-resource","16267659872a2eab2a","1626770114d255c099","1626770864ba2135fd","16267760229ff9905a","1626778855c5103a1f","1626785551bdd03c83","163456185719fa3480"]}