{"sections":{"retailer-top-section":{"type":"retailer-top-section","settings":{"image":"shopify:\/\/shop_images\/Untitled_design_-_2021-08-24T152916.569.jpg","title":"Collaborate with us","sub_content":""}},"1626671124240073ea":{"type":"ratiler-tab","settings":{"title1":"RETAILER","title1_url":"shopify:\/\/pages\/retailer-ambassaador","title2":"AMBASSADOR","title2_url":"shopify:\/\/pages\/ambassador-1","title3":"REFER A FRIEND","title3_url":"shopify:\/\/pages\/refer-friend"}},"162667183631e38372":{"type":"retailer_authorise","settings":{"title":"Want to be our Brand Ambassador?","content":"We invite you to step up and spread the KeaBabies love around.\nEarn attractive commissions, while helping parents simplify their lives!","left_icon":"shopify:\/\/shop_images\/Layer_2_a7ab7f52-a9ad-4259-b95e-d627826eecd0.png","right_icon":"shopify:\/\/shop_images\/Layer_2_1.png"}},"1626671940bb4a3462":{"type":"ratailer_how_work","settings":{"img1":"shopify:\/\/shop_images\/Untitled_design_-_2021-08-23T174519.443.jpg","img2":"shopify:\/\/shop_images\/1_copy_69e41772-e001-4eb2-83f2-08252638c0a8.jpg","img3":"shopify:\/\/shop_images\/Untitled_design_-_2021-08-24T101727.973.jpg","img4":"shopify:\/\/shop_images\/Untitled_design_-_2021-08-23T181644.206.jpg","work_content":"<h2>How do I start?<\/h2>\n<ul>\n<li>Fill in the form below to sign up. You will receive a unique referral link, and be able to track your earnings.<\/li>\n<li>Share the unique link with your followers so they can enjoy a 10% discount. Be creative!<\/li>\n<li>Enjoy a 15% commission for every sale that comes from your followers.<\/li>\n<\/ul>\n<p>Bonus: We’ll bump up your commission to 20% when you have reached a $500 commission! <\/p>","form_btn":"","btn_url":"","form_content":"<div class=\"klaviyo-form-S67m7G\"><\/div>"}},"1626676639be7b1da2":{"type":"Ambassador-form","disabled":true,"settings":{"title":"Please fill up this form:"}},"16266971251217aee0":{"type":"retailer_faq","blocks":{"c99dfe7b-f588-41e1-8663-eb07619423b5":{"type":"faq_tabs","settings":{"qusetion":"How do I join KeaCommunity?","answer":"We welcome any parent, wherever you are, to join our supportive community. Please head to: https:\/\/www.facebook.com\/groups\/keababieslove\/.\nOur KeaCommunity is a safe space to connect with other parents, share your parenting ups and downs, and tune in to real-life tips and stories from other parents, too. We are better together!"}},"2c0975cf-48c9-42a0-ba39-c1496b0320f7":{"type":"faq_tabs","settings":{"qusetion":"Why should I be a KeaBabies Ambassador?","answer":"We offer plenty of benefits to those who believe in our products and want to spread the love! You will enjoy a 15% commission for every sale that comes from your followers."}},"6d03c03e-17f0-4d7b-b406-a657ca4864aa":{"type":"faq_tabs","settings":{"qusetion":"How and when will I receive my commission?","answer":"We will disburse commission to your Paypal monthly, and when it reaches the $10 threshold."}},"d03248da-b1f0-48ea-8160-f5953e0c0f56":{"type":"faq_tabs","settings":{"qusetion":"Will I receive any form of incentives or bonuses if I generate more sales?","answer":"Absolutely! We will automatically bump up your commission to 20% when you have reached a $500 commission."}},"e327c1c9-1338-43d7-947f-53380d39bd37":{"type":"faq_tabs","settings":{"qusetion":"How do I reach out to the Social Media Team directly?","answer":"Your may contact us directly at outreach@keababies.com"}}},"block_order":["c99dfe7b-f588-41e1-8663-eb07619423b5","2c0975cf-48c9-42a0-ba39-c1496b0320f7","6d03c03e-17f0-4d7b-b406-a657ca4864aa","d03248da-b1f0-48ea-8160-f5953e0c0f56","e327c1c9-1338-43d7-947f-53380d39bd37"],"settings":{"title":"Frequently Asked Questions","top_right_img":"shopify:\/\/shop_images\/top_right.png","bottom_left_img":"shopify:\/\/shop_images\/bottom_left.png"}}},"order":["retailer-top-section","1626671124240073ea","162667183631e38372","1626671940bb4a3462","1626676639be7b1da2","16266971251217aee0"]}