{"sections":{"custom-resource":{"type":"custom-resource","settings":{"image":"shopify:\/\/shop_images\/Untitled_2560_x_600_px.jpg","title":"Blog Stories","search_enable":true}},"162693516446bb505a":{"type":"custom-resuorce_tab","blocks":{"11d443d7-c0d3-43c1-a337-6459395e0c0c":{"type":"resource_menu","settings":{"title":"BLOG STORIES","url":"shopify:\/\/pages\/blog-stories"}},"5deaa9d9-cfe9-4925-9955-92215576c7ec":{"type":"resource_menu","settings":{"title":"KEACOMMUNITY","url":"shopify:\/\/pages\/keacommunity-new"}},"baab5bc9-cfeb-4c40-b3c4-6f31bfa9d157":{"type":"resource_menu","settings":{"title":"RESOURCES","url":"shopify:\/\/pages\/resource"}}},"block_order":["11d443d7-c0d3-43c1-a337-6459395e0c0c","5deaa9d9-cfe9-4925-9955-92215576c7ec","baab5bc9-cfeb-4c40-b3c4-6f31bfa9d157"],"settings":{}},"1626935911a57aa48c":{"type":"blog-category","blocks":{"5e1f9ae8-6fee-4194-a19b-444b85cd4366":{"type":"category","settings":{"cate_icon":"shopify:\/\/shop_images\/Layer_2_c6ce4ee5-607f-4cb9-b385-ea992f8aff00.png","title":"All Categories","cate_url":"https:\/\/keababies.com\/blogs\/keamommies-blog"}},"9938959f-b5af-47fd-9c33-5693814bf577":{"type":"category","settings":{"cate_icon":"shopify:\/\/shop_images\/Path_6945.png","title":"Baby","cate_url":"https:\/\/keababies.com\/blogs\/keamommies-blog\/tagged\/baby"}},"46b4a8af-a5ee-45fa-b953-ecdc7577a653":{"type":"category","settings":{"cate_icon":"shopify:\/\/shop_images\/Path_6946.png","title":"Mom Life","cate_url":"https:\/\/keababies.com\/blogs\/keamommies-blog\/tagged\/momlife"}},"88835b4c-3b9b-4b34-a285-44d029007aa6":{"type":"category","settings":{"cate_icon":"shopify:\/\/shop_images\/Path_6922.png","title":"New Mom","cate_url":"https:\/\/keababies.com\/blogs\/keamommies-blog\/tagged\/new-mom"}},"3049446c-5eca-4cd7-97c3-8f30d8744240":{"type":"category","settings":{"cate_icon":"shopify:\/\/shop_images\/Path_6947.png","title":"Parenting","cate_url":"https:\/\/keababies.com\/blogs\/keamommies-blog\/tagged\/parenting"}},"e35e3953-a479-4669-b499-eedd983e145e":{"type":"category","settings":{"cate_icon":"shopify:\/\/shop_images\/Path_6948.png","title":"Postpartum","cate_url":"https:\/\/keababies.com\/blogs\/keamommies-blog\/tagged\/postpartum"}},"462c34b7-493c-492e-98d9-10b242ae7eb9":{"type":"category","settings":{"cate_icon":"shopify:\/\/shop_images\/Path_6949.png","title":"Pregnancy","cate_url":"https:\/\/keababies.com\/blogs\/keamommies-blog\/tagged\/pregnancy"}}},"block_order":["5e1f9ae8-6fee-4194-a19b-444b85cd4366","9938959f-b5af-47fd-9c33-5693814bf577","46b4a8af-a5ee-45fa-b953-ecdc7577a653","88835b4c-3b9b-4b34-a285-44d029007aa6","3049446c-5eca-4cd7-97c3-8f30d8744240","e35e3953-a479-4669-b499-eedd983e145e","462c34b7-493c-492e-98d9-10b242ae7eb9"],"settings":{"slider_speed":"1000","autoplay":false,"autoplay_speed":"1000","dots":false,"arrows":true}},"16269381729eff593f":{"type":"latest-resources","settings":{"title":"Latest Blogs","blog":"keamommies-blog","blog_tag":"baby","post_limit":20,"blog_show_author":false,"blog_show_date":true,"slider_speed":"1000","autoplay":false,"autoplay_speed":"1000","dots":true,"arrows":true,"show_view_all":false,"btn_title":"View All","btn_url":""}},"16269387637790e161":{"type":"popular_blog","settings":{"title":"Popular","blog":"keamommies-blog","tagblog":"popular","post_limit":50,"blog_show_author":false,"blog_show_date":true,"show_view_all":false,"slider_speed":"1000","autoplay":false,"autoplay_speed":"1000","dots":false,"arrows":true}},"1626938948860ef5c7":{"type":"keacommunity-single-blog","settings":{"top_space":95,"title":"","article_handle":"keamommies-blog\/journaling-for-a-happy-healthy-pregnancy","blog_show_author":false,"blog_show_date":true,"show_view_all":false}},"162694283537158f31":{"type":"resource_newsletter","settings":{"top_space":150,"left_image":"shopify:\/\/shop_images\/2481853.png","title":"What topics would you like to see more of from KeaBabies?"}},"162694393764aa638b":{"type":"resource_feature_blog","blocks":{"4595bb58-e031-42f2-9fd3-c05c958780d9":{"type":"blog_category","settings":{"cate_image":"shopify:\/\/shop_images\/2_c728a2aa-9140-4caf-a535-0f7b9252e3be.png","blog_category":"BABY","cate_color":"#12a4ff","cate_desc":"Tips For Getting Great Newborn Sleep","cate_url":"https:\/\/keababies.com\/blogs\/keamommies-blog\/tips-for-getting-great-newborn-sleep"}},"591ac737-aefe-4e24-84cb-2ca6bba60519":{"type":"blog_category","settings":{"cate_image":"shopify:\/\/shop_images\/Ovulation_Calculator_Sheet_4.png","blog_category":"MOM LIFE","cate_color":"#31ce8b","cate_desc":"Sleep 2 Years Into Motherhood","cate_url":"https:\/\/keababies.com\/blogs\/keamommies-blog\/sleep-2-years-into-motherhood"}},"44ed893f-4191-43bb-8956-edcad34d9620":{"type":"blog_category","settings":{"cate_image":"shopify:\/\/shop_images\/Ovulation_Calculator_Sheet_1.png","blog_category":"NEW MOM","cate_color":"#ff5266","cate_desc":"Understanding Baby Growth Spurts","cate_url":"https:\/\/keababies.com\/blogs\/keamommies-blog\/understanding-baby-growth-spurts"}},"2a2035bf-15d3-4bfb-8de9-4315d9c7ac85":{"type":"blog_category","settings":{"cate_image":"shopify:\/\/shop_images\/Ovulation_Calculator_Sheet_3.png","blog_category":"PARENTING","cate_color":"#12a4ff","cate_desc":"How to Prepare for Fuss Free Traveling with Your Baby","cate_url":"https:\/\/keababies.com\/blogs\/keamommies-blog\/how-to-prepare-for-fuss-free-traveling-with-your-baby"}},"bdb60f0b-ad80-41c2-bfde-7fa3c39e672b":{"type":"blog_category","settings":{"cate_image":"shopify:\/\/shop_images\/Ovulation_Calculator_Sheet_2.png","blog_category":"POSTPARTUM","cate_color":"#31ce8b","cate_desc":"Pregnancy Aftermath: New Allergies","cate_url":"https:\/\/keababies.com\/blogs\/keamommies-blog\/pregnancy-aftermath-new-allergies"}},"eab52e7b-9e98-4c95-b6db-ae96d830b60b":{"type":"blog_category","settings":{"cate_image":"shopify:\/\/shop_images\/Ovulation_Calculator_Sheet.png","blog_category":"PREGNANCY","cate_color":"#ff5266","cate_desc":"Maternity Must-haves","cate_url":"https:\/\/keababies.com\/blogs\/keamommies-blog\/maternity-must-haves"}}},"block_order":["4595bb58-e031-42f2-9fd3-c05c958780d9","591ac737-aefe-4e24-84cb-2ca6bba60519","44ed893f-4191-43bb-8956-edcad34d9620","2a2035bf-15d3-4bfb-8de9-4315d9c7ac85","bdb60f0b-ad80-41c2-bfde-7fa3c39e672b","eab52e7b-9e98-4c95-b6db-ae96d830b60b"],"settings":{"title":"Featured","blog":"keamommies-blog","post_limit":6,"blog_show_author":false,"blog_show_date":true,"show_view_all":false,"cate_title":"<span>Looking for more?<\/span>Here are a few resources to help you","download_title":"","slider_speed":"1000","autoplay":false,"autoplay_speed":"1000","dots":false,"arrows":true}},"162694638640b690f7":{"type":"blog-experts","blocks":{"344c03e6-6cd9-46b2-b30b-3a0d8f2f14e1":{"type":"author","settings":{"author_img":"shopify:\/\/shop_images\/1_c616932a-3266-4e9a-9ca9-2e2cc6bf101f.jpg","author_name":"Rosalee Lahaie Hera, BArtSc, MBA, PhD(abd)","author_title":"TIPS FOR GETTING GREAT NEWBORN SLEEP","author_review":"There is so much that we can do as parents and caregivers to establish long-term, healthy sleep habits right from birth.","btn_title":"READ MORE","btn_url":"https:\/\/keababies.com\/blogs\/keamommies-blog\/tips-for-getting-great-newborn-sleep"}},"16302dbf-29d3-4e06-8b21-ea79207d557e":{"type":"author","settings":{"author_img":"shopify:\/\/shop_images\/2_1046fc3e-80b0-4353-9a1b-f28d76dd3b96.jpg","author_name":"Dr. Nicole L. Plenty, MD, MPH, MS, FACOG","author_title":"THE POSTPARTUM RECOVERY JOURNEY","author_review":"What’s harder than pregnancy?  The first year following pregnancy. The struggle with getting my body to feel and look normal was daunting.","btn_title":"READ MORE","btn_url":"https:\/\/keababies.com\/blogs\/keamommies-blog\/the-snap-back-how-wearing-a-postpartum-belt-can-help-in-the-postpartum-recovery-journey"}},"bdf36002-88b6-4f67-aa0d-ca9186ae2982":{"type":"author","settings":{"author_img":"shopify:\/\/shop_images\/Untitled_design_73.png","author_name":"Allegra Gast, Baby Nutritionist, RDN, IBCLC","author_title":"Introducing Baby to Solids: When and How","author_review":"Are you overwhelmed by the various methods of introducing solid foods to your baby? Let's see what works for you and your family!","btn_title":"READ MORE","btn_url":"https:\/\/keababies.com\/blogs\/keamommies-blog\/introducing-baby-to-solids-when-and-how"}}},"block_order":["344c03e6-6cd9-46b2-b30b-3a0d8f2f14e1","16302dbf-29d3-4e06-8b21-ea79207d557e","bdf36002-88b6-4f67-aa0d-ca9186ae2982"],"settings":{"title":"Hear from the experts"}}},"order":["custom-resource","162693516446bb505a","1626935911a57aa48c","16269381729eff593f","16269387637790e161","1626938948860ef5c7","162694283537158f31","162694393764aa638b","162694638640b690f7"]}