{"sections":{"custom-resource":{"type":"custom-resource","settings":{"image":"shopify:\/\/shop_images\/Untitled_2560_x_600_px_1.jpg","title":"The KeaCommunity","search_enable":false}},"16268625759380cb12":{"type":"custom-resuorce_tab","blocks":{"d2f3db3d-5209-4dcb-820d-3a57c3570b2f":{"type":"resource_menu","settings":{"title":"BLOG STORIES","url":"shopify:\/\/pages\/blog-stories"}},"d88b34f9-b801-473d-bca5-d9d2d00e47d9":{"type":"resource_menu","settings":{"title":"KEACOMMUNITY","url":"shopify:\/\/pages\/keacommunity-new"}},"41cd593f-5c16-4e1c-803e-3c0cfee5cd17":{"type":"resource_menu","settings":{"title":"RESOURCES","url":"shopify:\/\/pages\/resource"}}},"block_order":["d2f3db3d-5209-4dcb-820d-3a57c3570b2f","d88b34f9-b801-473d-bca5-d9d2d00e47d9","41cd593f-5c16-4e1c-803e-3c0cfee5cd17"],"settings":{}},"162686965782a7c1e0":{"type":"keacommunity-single-blog","disabled":true,"settings":{"top_space":5,"title":"KeaParent Feature","article_handle":"","blog_show_author":false,"blog_show_date":true,"show_view_all":false}},"162686363704d8c249":{"type":"latest-resources","settings":{"title":"KeaParent Feature","blog":"keamommies-blog","blog_tag":"keaparent","post_limit":20,"blog_show_author":false,"blog_show_date":true,"slider_speed":"1000","autoplay":false,"autoplay_speed":"1000","dots":false,"arrows":true,"show_view_all":true,"btn_title":"View All","btn_url":"https:\/\/keababies.com\/blogs\/keamommies-blog\/tagged\/keaparent"}},"1626928098b5cc28c9":{"type":"our_brands","blocks":{"47987b0d-7fc9-48f3-bd51-f19fecbc3a98":{"type":"images","settings":{"title":"Got a story to share?","content":"<p>We want your personal parenting story! Inspire and motivate other fellow parents out there, and let them know they are not alone with their struggles in their parenthood journey.<\/p><p>Share your parenting stories and photos with us for a chance to be featured on our blog and in our KeaCommunity. <\/p>","button":"KEACOMMUNITY@KEABABIES.COM","url":"mailto:keacommunity@keababies.com","image_brand":"shopify:\/\/shop_images\/2542305_a49ad4f7-6657-46b8-8a8d-8167ffef5999.png","bg_color":"#f9f5e5"}},"80f5cd3b-78bf-4d60-8bf7-0441f54ba7da":{"type":"images","settings":{"title":"Join our KeaMod Squad","content":"Our KeaCommunity is moderated and managed by our lovely KeaMod Squad who are here for you guys rain or shine! If you would like to be a part of our KeaMod Squad drop us an email at:","button":"KEACOMMUNITY@KEABABIES.COM","url":"mailto:keacommunity@keababies.com","image_brand":"shopify:\/\/shop_images\/3254768_d014b611-58d7-4664-9430-b15562f80079.png","bg_color":""}}},"block_order":["47987b0d-7fc9-48f3-bd51-f19fecbc3a98","80f5cd3b-78bf-4d60-8bf7-0441f54ba7da"],"settings":{"text":"","subtext":""}},"162686489255e6cd4e":{"type":"keacommunity-product","disabled":true,"settings":{"title":"KeaCommunity Favorites","grid":5,"show_vendor":false,"collection":"baby","slider_speed":"1000","autoplay":false,"autoplay_speed":"1000","dots":false,"arrows":true}},"1626929619bbf8fb96":{"type":"resource_newsletter","disabled":true,"settings":{"top_space":0,"left_image":"shopify:\/\/shop_images\/2481853.png","title":"What topics would you like to see more of from KeaBabies?"}},"16269305627f98657f":{"type":"resource_feature_blog","disabled":true,"blocks":{"ddba4cbc-358a-4487-bda9-e59bdbd37bdf":{"type":"blog_category","settings":{"cate_image":"shopify:\/\/shop_images\/wedst-elm-x-pbk-knit-cotton-divided-squares-baby-blanket-o-2.png","blog_category":"MOM LIFE","cate_color":"#ff5266","cate_desc":"Understanding Baby Blues (Part 2 of 2)","cate_url":"#"}},"65161abd-3e43-403a-8570-15bd0fcdbbd4":{"type":"blog_category","settings":{"cate_image":"shopify:\/\/shop_images\/2430368.png","blog_category":"POSTPARTUM","cate_color":"#31ce8b","cate_desc":"Understanding Baby Blues (Part 2 of 2)","cate_url":"#"}},"2ee04a80-0599-43e1-a1e4-0fbfe940aff5":{"type":"blog_category","settings":{"cate_image":"shopify:\/\/shop_images\/modern-baby-wooden-play-gym-c.png","blog_category":"MOM LIFE","cate_color":"#ff5266","cate_desc":"Understanding Baby Blues (Part 2 of 2)","cate_url":"#"}},"4ad204bb-c86c-434c-bcf9-f8a86adf54a8":{"type":"blog_category","settings":{"cate_image":"shopify:\/\/shop_images\/2975085.png","blog_category":"PREGNANCY","cate_color":"#12a4ff","cate_desc":"Understanding Baby Blues (Part 2 of 2)","cate_url":"#"}},"3de9ada9-20cc-4bcd-92c3-28e2864c4a04":{"type":"blog_category","settings":{"cate_image":"shopify:\/\/shop_images\/2975090.png","blog_category":"POSTPARTUM","cate_color":"#31ce8b","cate_desc":"Understanding Baby Blues (Part 2 of 2)","cate_url":"#"}},"b48c0231-117a-4a99-b3a0-b17f665df133":{"type":"blog_category","settings":{"cate_image":"shopify:\/\/shop_images\/1986005.png","blog_category":"MOM LIFE","cate_color":"#ff5266","cate_desc":"Understanding Baby Blues (Part 2 of 2)","cate_url":"#"}}},"block_order":["ddba4cbc-358a-4487-bda9-e59bdbd37bdf","65161abd-3e43-403a-8570-15bd0fcdbbd4","2ee04a80-0599-43e1-a1e4-0fbfe940aff5","4ad204bb-c86c-434c-bcf9-f8a86adf54a8","3de9ada9-20cc-4bcd-92c3-28e2864c4a04","b48c0231-117a-4a99-b3a0-b17f665df133"],"settings":{"title":"Featured on Community","blog":"keamommies-blog","post_limit":3,"blog_show_author":false,"blog_show_date":true,"show_view_all":false,"cate_title":"<span>Looking for more?<\/span>Here are a few resources to help you","download_title":"","slider_speed":"1000","autoplay":false,"autoplay_speed":"1000","dots":false,"arrows":true}},"16269322664ff06c25":{"type":"keacommunity_inspire","settings":{"inspire_img1":"shopify:\/\/shop_images\/4_a477f5e0-1e31-4aad-8912-a508b1ebbfcd.jpg","inspire_img2":"shopify:\/\/shop_images\/5_576b8bf9-a439-47a0-b6c7-60bcd99177b3.jpg","inspire_img3":"shopify:\/\/shop_images\/asset-1_b9f5f720-faca-438e-b352-f2293cc1022f.png","inspire_img4":"shopify:\/\/shop_images\/2_85440889-9501-4131-964d-8e83fa2a5836.jpg","inspire_img5":"shopify:\/\/shop_images\/3_37b658b5-3c92-4869-80ef-fa5f718fe302.jpg","inspire_img6":"shopify:\/\/shop_images\/6_c1011fad-3253-423f-8f9e-6c1f0406c0dc.jpg","inspire_title":"Get inspired by our #KeaCommunity","inspire_content":"We are always amazed at how creative our KeaCommunity is. Join us to find inspiration on different ways to use, style or carry your KeaBabies products in every possible adventure.","btn_title":"JOIN NOW","btn_url":"https:\/\/www.facebook.com\/groups\/keababieslove\/"}},"1626933337ceae7189":{"type":"custom_community","disabled":true,"settings":{"text":"We’re better together.","subtext":"Walk this parenting journey alongside more than 20,000 parents. By joining KeaCommunity on Facebook, you will:","info_first":"Get updates on exciting offers, contests and giveaways","info_second":"Connect with other parents alike, within a supportive community","info_third":"Enjoy useful tips, from pregnancy to parenting","button":"Join keacommunity","url":"https:\/\/www.facebook.com\/groups\/keababieslove\/","content_color":"#ffffff","image":"shopify:\/\/shop_images\/commnity.png"}}},"order":["custom-resource","16268625759380cb12","162686965782a7c1e0","162686363704d8c249","1626928098b5cc28c9","162686489255e6cd4e","1626929619bbf8fb96","16269305627f98657f","16269322664ff06c25","1626933337ceae7189"]}