{"sections":{"prohero":{"type":"product-template","settings":{"show_quantity_selector":true,"show_vendor":false,"enable_payment_button":false,"testimonial_title":"Watch testimonials","show_share_buttons":false,"media_size":"medium","enable_image_zoom":false,"enable_video_looping":false,"money_icon":"shopify:\/\/shop_images\/1_efc60b1a-6e7d-49ea-b172-99cd4b8ea9ee.png","money_text":"30-DAY MONEY-BACK GUARANTEE","warrenty_icon":"shopify:\/\/shop_images\/app_eaa821e5-44dc-4d2a-9360-ed1591a16b03.png","warrenty_text":"KEACARE 365 1-YEAR WARRANTY","shipping_icon":"shopify:\/\/shop_images\/3_7a342224-f939-4024-b087-aacb8e62d864.png","shipping_text":"FREE SHIPPING ABOVE $50","bundle_title":"Make it a bundle:","bundle_handle":"{{ product.metafields.my_fields.product_bundle_handle.value }}","tab_title1":"Why KeaBabies","tab_content1":"<div class=\"our_product\">\n<p>We simplify parents' lives through trusted, responsibly-made products, heartfelt customer service, and a tight-knit community.<\/p>\n<p><img src=\"https:\/\/cdn.shopify.com\/s\/files\/1\/0079\/7704\/1977\/files\/5_adb298a5-28a5-4e4f-81df-289e60fed4a7.jpg?v=1634805143\" alt=\"logo\" width=\"90\" height=\"90\"><img src=\"https:\/\/cdn.shopify.com\/s\/files\/1\/0079\/7704\/1977\/files\/2_9583bc44-a752-4395-be5e-a491a6cc5a2b.jpg?v=1634805143\" alt=\"logo\" width=\"90\" height=\"90\"><img src=\"https:\/\/cdn.shopify.com\/s\/files\/1\/0079\/7704\/1977\/files\/3_4eef5119-8378-404a-b4b5-079eb61b92f2.jpg?v=1634805143\" alt=\"logo\" width=\"90\" height=\"90\"><\/p>\n<\/div>","tab_title2":"Product Description","tab_content2":"<p> {{ product.metafields.my_fields.tab_content_2.value }}<\/p>","tab_title3":"Shipping & Warranty","tab_content3":"<p>We offer two shipping options, Standard Shipping and Expedited Shipping.<\/p><p><strong>Standard shipping<\/strong> takes 3-5 business days. Enjoy free shipping above $50 spent.<\/p><p><strong>Expedited Shipping<\/strong> takes 1-2 business days.<\/p><p>All your purchases are covered under<strong> KeaCare 365-day money-back warranty<\/strong>, a 365-days warranty against manufacturing flaws for all of our products, valid from the date of purchase. <\/p>","tab_title4":"","tab_content4":""}},"1625912095e9453f0f":{"type":"product-highly-recommended","disabled":true,"settings":{"title":"{{ product.metafields.my_fields.highly.value }}","highly_image":"{{ product.metafields.my_fields.highly_image.value }}","bag-modal1":"<p>{{ product.metafields.my_fields.bag_modal1.value }}<\/p>","bag-modal2":"<p>{{ product.metafields.my_fields.bag_model2.value }}<\/p>","bag-modal3":"<p>{{ product.metafields.my_fields.bag_model3.value }}<\/p>"}},"1626080971f8447261":{"type":"product_bottom_tabs","settings":{"bottom_tab1_title":"{{ product.metafields.my_fields.bottom_tab1_title.value }}","bottom_tab2_title":"{{ product.metafields.my_fields.bottom_tab2_title.value }}","bottom_tab3_title":"{{ product.metafields.my_fields.bottom_tab3_title.value }}","tab_image":"{{ product.metafields.my_fields.tab_image.value }}"}},"1626081292465b5514":{"type":"product_video","settings":{"section_id":"","top_space":5,"video_position":"left","video_banner":"{{ product.metafields.my_fields.video_banner.value }}","video_iframe":"{{ product.metafields.my_fields.product_video.value }}","video_text":"{{ product.metafields.my_fields.video_text.value }}","bg_color":""}},"162608140268f358e4":{"type":"product_image_blog","settings":{"image_blog1":"{{ product.metafields.my_fields.image_blog1.value }}","image_blog1_text":"{{ product.metafields.my_fields.image_blog1_text.value }}","image_blog2":"{{ product.metafields.my_fields.image_blog2.value }}","image_blog2_text":"{{ product.metafields.my_fields.image_blog2_text.value }}","image_blog3":"{{ product.metafields.my_fields.image_blog3.value }}","image_blo3_text":"{{ product.metafields.my_fields.image_blo3_text.value }}"}},"1626081525d719d6dc":{"type":"product_blog","disabled":true,"settings":{"title":"Why you should wear a Postpartum Recovery Support Belt?","blog":"keamommies-blog","tagblog":"baby","slider_speed":"1000","autoplay":false,"autoplay_speed":"1000","dots":false,"arrows":true}},"1626081684f9db985e":{"type":"product_commitments","settings":{"commintment_left_text":"<span>KEACARE 365<\/span>         <p>Commitment to quality and customer satisfaction.<\/p>","commintment_right_text":"Each KeaBabies piece is covered by a KeaCare 365-day money-back warranty, which means you get a free 1-for-1 exchange within 365 days for manufacturing flaws or 100% of your money back within 30 days if our product is not to your liking. Get peace of mind with every purchase!"}},"16260815879209edb6":{"type":"product_inspired","settings":{"inspire_img1":"shopify:\/\/shop_images\/asset-1_90835c3d-39f5-4a76-81d1-757621013756.png","inspire_img2":"shopify:\/\/shop_images\/1_7b4ec131-2b3b-4774-9e3c-23db5577b7dd.jpg","inspire_img3":"shopify:\/\/shop_images\/2_de48a870-8432-49af-8356-142601fa4ccc.jpg","inspire_img4":"shopify:\/\/shop_images\/3_4efdd242-6ddf-4036-9d70-4689d081438d.jpg","inspire_img5":"shopify:\/\/shop_images\/186297509_450147266282592_2560032387912798090_n_5049e8c8-fcd5-4aff-9916-1f34a90aa2d7.png","inspire_img6":"shopify:\/\/shop_images\/4_80d43732-fc39-4ffe-b5d4-e25ddd0e0a76.jpg","inspire_content":"<h2>Get more inspos from our KeaCommunity<\/h2>       <p>Be a part of our KeaCommunity, where ideas are always flowing! Get endless inspos on making the most of your parenthood moments from fellow parents. Start your adventure here. <\/p>       <a class=\"btn\" href=\"https:\/\/www.facebook.com\/groups\/keababieslove\/\">join now<\/a>"}},"1626082499dbe46642":{"type":"product_reviews","settings":{}},"16258272047438939f":{"type":"custom_logo","blocks":{"16258272047438939f-0":{"type":"logo_image","settings":{"image":"shopify:\/\/shop_images\/logo1_160x160_2x_fc90b34f-ebed-44f5-8140-3b3c30d114db.png","link":""}},"16258272047438939f-1":{"type":"logo_image","settings":{"image":"shopify:\/\/shop_images\/logo2_160x160_2x_958caaa7-20cc-4f9c-8af4-f5efea476080.png","link":""}},"16258272047438939f-2":{"type":"logo_image","settings":{"image":"shopify:\/\/shop_images\/logo3_160x160_2x_317fb631-7e33-49c8-9f5d-12588f933540.png","link":""}},"16258272047438939f-3":{"type":"logo_image","settings":{"image":"shopify:\/\/shop_images\/logo4_160x160_2x_f0d00fec-8945-4867-b8a4-bf91f1c1a3dc.png","link":""}},"84bc42c7-30d5-4996-979b-09a7ff9dffe2":{"type":"logo_image","settings":{"image":"shopify:\/\/shop_images\/logo5_160x160_2x_1fd5c2d6-f450-45f6-a15f-27561ed1adb0.png","link":""}},"c656cffa-1974-4ef6-8638-22b6dd686f4b":{"type":"logo_image","settings":{"image":"shopify:\/\/shop_images\/logo6_160x160_2x_442f9bc0-d19a-4cc0-9d8f-1bb4b9d8ffb7.png","link":""}}},"block_order":["16258272047438939f-0","16258272047438939f-1","16258272047438939f-2","16258272047438939f-3","84bc42c7-30d5-4996-979b-09a7ff9dffe2","c656cffa-1974-4ef6-8638-22b6dd686f4b"],"settings":{}},"proreco":{"type":"product-recommendations","settings":{"show_product_recommendations":true,"heading":"You may also like","show_vendor":false,"slider_speed":"1000","autoplay":false,"autoplay_speed":"1000","dots":false,"arrows":true}},"loox-product-reviews-app-section":{"type":"apps","blocks":{"loox-product-reviews":{"type":"shopify:\/\/apps\/loox-photo-reviews\/blocks\/loox-dynamic-section\/5c3b337f-fd14-4df5-b1d6-80ec13e6e28e","settings":{"only_photos":false,"aggregated":false,"hide_thumbnails":false,"maxwidth":1080}}},"block_order":["loox-product-reviews"],"settings":{}}},"order":["prohero","1625912095e9453f0f","1626080971f8447261","1626081292465b5514","162608140268f358e4","1626081525d719d6dc","1626081684f9db985e","16260815879209edb6","1626082499dbe46642","16258272047438939f","proreco","loox-product-reviews-app-section"]}