{"sections":{"prohero":{"type":"product-template-bundle","settings":{"show_quantity_selector":true,"show_vendor":false,"enable_payment_button":false,"show_share_buttons":false,"media_size":"medium","bundle_pro_handle":"{{ product.metafields.my_fields.bundle_pro_handle.value }}","enable_image_zoom":false,"enable_video_looping":false,"pro_collection":"baby","tab_title1":"{{ product.metafields.my_fields.tab_tital1.value }}","tab_title2":"{{ product.metafields.my_fields.tab_tital2.value }}","tab_title3":"{{ product.metafields.my_fields.tab_tital3.value }}","tab_title4":""}},"16260878874c9f2421":{"type":"product-highly-recommended","settings":{"title":"{{ product.metafields.my_fields.highly.value }}","highly_image":"{{ product.metafields.my_fields.highly_image.value }}","bag-modal1":"<p>{{ product.metafields.my_fields.bag_modal1.value }}<\/p>","bag-modal2":"<p>{{ product.metafields.my_fields.bag_model2.value }}<\/p>","bag-modal3":"<p>{{ product.metafields.my_fields.bag_model3.value }}<\/p>"}},"16260888751287f574":{"type":"product_bottom_tabs","settings":{"bottom_tab1_title":"{{ product.metafields.my_fields.bottom_tab1_title.value }}","bottom_tab2_title":"{{ product.metafields.my_fields.bottom_tab2_title.value }}","bottom_tab3_title":"{{ product.metafields.my_fields.bottom_tab3_title.value }}","tab_image":"{{ product.metafields.my_fields.tab_image.value }}"}},"1626089071abe251d6":{"type":"product_video","settings":{"video_iframe":"{{ product.metafields.my_fields.product_video.value }}","video_text":"{{ product.metafields.my_fields.video_text.value }}"}},"1626089220c1f8d35f":{"type":"product_image_blog","settings":{"image_blog1":"{{ product.metafields.my_fields.image_blog1.value }}","image_blog1_text":"{{ product.metafields.my_fields.image_blog1_text.value }}","image_blog2":"{{ product.metafields.my_fields.image_blog2.value }}","image_blog2_text":"{{ product.metafields.my_fields.image_blog2_text.value }}","image_blog3":"{{ product.metafields.my_fields.image_blog3.value }}","image_blo3_text":"{{ product.metafields.my_fields.image_blo3_text.value }}"}},"1626090594b6a707d3":{"type":"product_blog","settings":{"title":"Why you should wear a Postpartum Recovery Support Belt?","blog":"keamommies-blog"}},"16260907858b8c55fc":{"type":"product_inspired","settings":{"inspire_img1":"{{ product.metafields.my_fields.inspire_img1.value }}","inspire_img2":"{{ product.metafields.my_fields.inspire_img2.value }}","inspire_img3":"{{ product.metafields.my_fields.inspire_img3.value }}","inspire_img4":"{{ product.metafields.my_fields.inspire_img4.value }}","inspire_img5":"{{ product.metafields.my_fields.inspire_img5.value }}","inspire_img6":"{{ product.metafields.my_fields.inspire_img6.value }}","inspire_content":"{{ product.metafields.my_fields.inspire_content.value }}"}},"16260910891b1628b9":{"type":"product_commitments","settings":{"commintment_left_text":"{{ product.metafields.my_fields.commintment_left_text.value }}","commintment_right_text":"{{ product.metafields.my_fields.commintment_right_text.value }}"}},"16260912234eb67cf5":{"type":"product_reviews","settings":{}},"162589530398bc5d74":{"type":"custom_logo","blocks":{"162589530398bc5d74-0":{"type":"logo_image","settings":{"image":"shopify:\/\/shop_images\/logo1_160x160_2x_fc90b34f-ebed-44f5-8140-3b3c30d114db.png","link":""}},"162589530398bc5d74-1":{"type":"logo_image","settings":{"image":"shopify:\/\/shop_images\/logo2_160x160_2x_958caaa7-20cc-4f9c-8af4-f5efea476080.png","link":""}},"162589530398bc5d74-2":{"type":"logo_image","settings":{"image":"shopify:\/\/shop_images\/logo3_160x160_2x_317fb631-7e33-49c8-9f5d-12588f933540.png","link":""}},"162589530398bc5d74-3":{"type":"logo_image","settings":{"image":"shopify:\/\/shop_images\/logo4_160x160_2x_f0d00fec-8945-4867-b8a4-bf91f1c1a3dc.png","link":""}},"431949e1-e1e4-49d3-b7f7-5d73ebc8c6b5":{"type":"logo_image","settings":{"image":"shopify:\/\/shop_images\/logo5_160x160_2x_1fd5c2d6-f450-45f6-a15f-27561ed1adb0.png","link":""}},"5d88a438-ff29-4696-8487-529788d1d32d":{"type":"logo_image","settings":{"image":"shopify:\/\/shop_images\/logo6_160x160_2x_442f9bc0-d19a-4cc0-9d8f-1bb4b9d8ffb7.png","link":""}}},"block_order":["162589530398bc5d74-0","162589530398bc5d74-1","162589530398bc5d74-2","162589530398bc5d74-3","431949e1-e1e4-49d3-b7f7-5d73ebc8c6b5","5d88a438-ff29-4696-8487-529788d1d32d"],"settings":{}},"proreco":{"type":"product-recommendations","settings":{"show_product_recommendations":true,"heading":"You may also like","show_vendor":false}}},"order":["prohero","16260878874c9f2421","16260888751287f574","1626089071abe251d6","1626089220c1f8d35f","1626090594b6a707d3","16260907858b8c55fc","16260910891b1628b9","16260912234eb67cf5","162589530398bc5d74","proreco"]}